track_id,num_frames,first_frame,last_frame,mean_conf,mean_w,mean_h
10,301,0,361,0.37832909782859575,100.49887987307932,50.658789143609845
15,241,8,296,0.4276147827320574,78.34423483061099,71.09637881710321
306,240,156,404,0.5824994216362636,74.87383473714193,54.17417869567871
798,237,310,546,0.555050534663824,66.64038034431039,62.17018301275712
595,199,248,467,0.618712061463888,73.54483599638819,59.62770624975463
177,196,120,318,0.5474081839225731,97.04927031847896,78.93198005520567
1028,178,369,546,0.6201787919140933,55.66914350531074,56.20380135868373
149,175,106,280,0.7071473501409803,129.91212785993304,78.46483049665179
16,159,15,182,0.4716029630142188,84.70710130607557,64.72170425511007
1,158,0,157,0.6504724976382678,68.41392111476463,74.85266422320016
881,158,329,487,0.5602280631472792,83.15738880785206,67.2044131122058
1066,157,386,546,0.5668621093604216,119.46461515973328,59.2111997179165
1091,154,393,546,0.649795841280516,86.12613033938717,66.58981997006899
1062,153,385,546,0.42279793390261583,59.661396500331904,35.85136084463082
4,144,0,143,0.5979573267201582,82.21510145399306,57.33590952555338
985,136,354,496,0.5663754098555621,118.90762301052318,58.65146412568934
5,134,0,133,0.5547944225037276,70.74572890552122,52.01049121458139
939,120,340,460,0.6434052735567093,71.14296112060546,73.16310806274414
277,114,150,264,0.5096660002804639,49.09137605365954,62.40032396818462
6,114,0,131,0.381562025923478,41.626221773917216,39.65749800832648
381,111,183,299,0.4601774191534197,87.3368924802488,86.65773188960445
47,109,42,152,0.6037111342500109,56.23033996022075,49.306817011002
1148,107,408,522,0.6139129896030248,65.00799332378067,58.768812233042496
1132,107,402,508,0.5787488444943294,55.551777777270736,61.45058776285047
1218,105,428,546,0.44315501763707116,137.45531761532737,84.27012590680803
1147,104,407,516,0.4686549606804664,110.58909020057091,64.31465618426984
340,102,167,325,0.40475425942271365,84.57708500880821,75.18390790153953
3,100,0,117,0.5442816418409347,49.32616943359375,44.60902160644531
753,92,295,389,0.5877040763911994,156.90616707179856,62.73444598654042
1040,92,374,495,0.4214346829963767,98.54129691745923,63.347199149753735
1315,87,460,546,0.6408125093613548,74.72905020878233,66.26645072849317
763,85,297,389,0.47757750083418454,48.06734690946691,60.9331844554228
99,84,78,162,0.468337615331014,81.59442066010975,78.83283051990327
1005,83,360,447,0.5277718219412378,147.01849291698042,84.39016172110317
30,83,30,115,0.5209687700472683,61.23071877353163,53.728741381541795
1254,83,439,546,0.35370717350258885,41.60218608810241,39.013491343302896
800,81,310,399,0.4481918020748798,123.59802095389661,66.772841465326
935,78,339,420,0.4239558562254294,142.74542549328928,88.15645501552484
785,77,303,379,0.5722866248000752,58.82539981990666,71.56950318968141
1001,76,359,436,0.5391274737684351,54.53519158614309,71.50517634341591
402,74,191,278,0.4098864817941511,58.87452491554054,95.54863429713893
886,72,329,409,0.45874809101223946,128.40603637695312,75.08412509494357
143,71,101,171,0.6274198344056036,66.39075738611356,62.33711092237016
2,70,0,73,0.40864274799823763,43.45885968889509,38.69640851702009
1111,69,397,472,0.5728470026582911,173.1884922635728,72.72601937556612
704,67,280,346,0.609853440701072,58.22162958401353,69.0809818097015
712,67,282,370,0.5612747130998924,166.9385651545738,66.1530570414529
749,67,294,361,0.5257451480893947,59.98202924586054,72.76201344959772
1054,67,380,451,0.3930514592732956,80.44638744752798,43.049827461812036
167,66,115,182,0.5157352130521428,140.029648289536,80.46655643347538
49,65,43,131,0.3456374434324411,107.06839317908654,44.50621619591346
1297,64,453,546,0.3791369255632162,121.3215274810791,61.80078363418579
1088,63,392,454,0.549089762426558,52.59930129278274,66.74575369698661
643,62,265,330,0.5085686536565903,50.90358315744707,55.68395208543347
185,61,121,230,0.4446920161364508,285.0016929751537,153.75628061763575
1367,61,475,546,0.3646438796012128,50.163560210681354,41.21350347800333
8,60,0,59,0.5260145018498102,50.482686360677086,55.222188313802086
542,60,233,300,0.5232043092449506,54.26638590494792,66.67793731689453
942,59,340,409,0.4932577448376155,47.488465389962926,59.34975213519598
478,59,213,296,0.449720453912929,100.02811341366525,57.50450211864407
724,58,286,343,0.6208285190935793,63.539904364224135,78.45627725535425
1381,58,481,540,0.594096412946438,59.79787681842672,71.27910692938443
532,57,231,287,0.5723958585345954,136.5248081140351,99.44473427220395
527,56,230,330,0.3831005463642733,210.32029506138392,95.90033939906529
647,55,266,320,0.546044633063403,54.57573353160512,67.09484419389204
97,54,77,151,0.38716083157945563,73.04387693051939,74.0973567256221
1402,53,489,546,0.36869098217982166,63.395390348614384,36.87460672630454
329,50,164,213,0.544387955069542,54.18329223632813,62.136947021484374
154,41,108,149,0.5579771028786171,54.41373350562119,57.965622320407775
1457,40,507,546,0.7187433123588562,100.76090087890626,87.7450942993164
410,40,193,232,0.5859515070915222,69.51778869628906,58.65710372924805
1460,40,507,546,0.5616353400051594,51.146846008300784,76.1663719177246
1420,40,497,539,0.381640063226223,67.44052505493164,149.69034385681152
1144,39,406,445,0.5916585861108242,61.21277794471154,81.27561676807893
829,38,320,364,0.3985570214296642,118.6845703125,77.31047941509046
1465,37,509,546,0.537857734673732,104.60372924804688,58.3859203441723
252,37,145,189,0.45060184275781784,153.27164892248206,76.38437467008023
1389,36,484,519,0.44624226209190154,47.144356621636284,61.17136806911893
9,35,0,34,0.5462898850440979,54.71030447823661,63.77380022321429
700,35,280,314,0.5227206076894487,102.57879813058035,60.950041852678574
986,34,354,387,0.5323620385983411,114.04875631893383,78.68556482651654
765,34,298,333,0.5122691129936892,144.45933622472427,57.97036384133732
1324,34,461,501,0.5064032288158641,165.4358008889591,74.10104011086857
795,33,309,352,0.41567074439742346,94.19486583362927,85.66741573449337
1339,33,465,506,0.3577610913551215,45.78419818300189,65.2114590731534
1082,32,391,423,0.4735291665419936,174.46973848342896,80.51482582092285
1115,32,398,433,0.40513023640960455,120.51642608642578,83.07375907897949
688,32,277,317,0.3580840425565839,87.74384307861328,55.21906280517578
208,31,130,160,0.5436970505022234,46.33003087197581,75.7526363249748
94,31,75,126,0.32495907429725895,78.9337177891885,53.88655434885332
604,30,252,286,0.40582301119963327,25.93394266764323,55.624125162760414
867,29,327,359,0.39967278982030935,86.02349643049568,58.734393941945044
300,28,154,182,0.556139876799924,56.98948451450893,68.34610203334263
305,28,156,188,0.3408854476043156,87.63550240652901,39.20684378487723
373,28,179,214,0.3208416061741965,38.056483677455354,28.94000462123326
1205,27,426,453,0.47858387673342667,125.31398292824075,79.07542136863425
743,27,292,326,0.36910896389572706,81.84174318666811,91.54818612557871
687,27,277,319,0.35137541868068556,121.9788818359375,60.146543149594905
413,27,195,230,0.31979729842256616,96.38743308738425,41.83419912832755
824,26,319,351,0.47467072995809406,125.9669189453125,88.58678260216347
1506,26,521,546,0.4712892839541802,82.05389404296875,38.741514939528244
1234,26,434,460,0.47082918653121364,129.20344895582932,74.7725337101863
323,26,159,255,0.3293112034981067,83.55670870267429,54.28327941894531
528,25,230,257,0.42509582281112673,48.54527587890625,69.84077880859375
593,25,248,283,0.4049530458450317,25.381802978515626,64.4993896484375
1012,25,362,389,0.4016116869449615,89.61582153320313,79.80833984375
59,25,57,107,0.39022915363311766,132.2791943359375,135.2592529296875
521,23,228,257,0.37662246305009595,86.6522747537364,148.07654073963994
1121,22,399,424,0.407069595022635,111.22155206853694,80.48295454545455
1371,22,477,499,0.356088172305714,37.58620938387784,40.58023903586648
846,21,324,344,0.6322696549551827,109.59702845982143,76.65513683500744
7,21,0,63,0.3295274107229142,53.38622320265997,50.370000930059526
993,20,357,376,0.45942513942718505,144.95926513671876,78.0229248046875
726,20,286,321,0.3342961803078651,111.34810791015624,74.92651977539063
591,20,247,268,0.3192467600107193,99.0609375,45.873837280273435
774,18,300,322,0.3598562859826618,92.11277813381619,79.72585042317708
253,17,146,167,0.3567191958427429,162.21993210736443,255.62246165556067
536,17,232,258,0.32967516779899597,97.77943330652573,52.896125344669116
223,15,136,152,0.4008542795976003,183.69366861979168,238.48441569010416
572,15,241,264,0.37817569375038146,39.425419108072916,32.613051350911455
1250,15,438,458,0.2986612359682719,45.27191162109375,31.362757364908855
1331,14,462,505,0.42902762975011555,98.19029344831195,64.74913678850446
1553,14,532,546,0.38455620195184437,58.523245675223215,55.050571986607146
1325,14,461,498,0.37246402885232655,67.51732308523995,40.09832763671875
621,14,258,274,0.3716362863779068,100.26507568359375,85.6060049874442
1532,14,526,545,0.33602048669542584,45.67059762137277,31.062046595982142
955,13,343,357,0.4157259647662823,108.66297853910007,87.25677959735577
271,13,149,199,0.35824093910364,155.61722506009616,190.6019991361178
140,13,99,161,0.33109692426828236,50.60236065204327,72.49898352989784
640,12,264,280,0.4432562117775281,125.66644287109375,220.48471069335938
1375,12,478,492,0.36645131558179855,43.19976806640625,43.047106424967446
12,11,0,12,0.2839828296141191,71.42065984552556,46.17704079367898
135,10,93,104,0.3840355187654495,221.83226470947267,114.77161254882813
923,10,337,348,0.3813683420419693,174.04390411376954,81.39080200195312
731,10,289,299,0.3369586706161499,41.59990234375,36.92469482421875
849,9,324,336,0.40644964906904435,85.57157770792644,92.30820041232639
330,9,164,172,0.38851404190063477,44.199991861979164,71.90220811631944
1010,9,361,371,0.3339144355720944,53.991970486111114,31.533860948350693
1490,8,516,544,0.36520715430378914,59.71839904785156,41.44898223876953
1486,7,515,527,0.3813225030899048,116.78670828683036,687.5269252232143
303,7,155,174,0.3809732369014195,37.20979527064732,41.711757114955354
1256,7,440,470,0.36858307463782175,82.11214773995536,58.05098179408482
150,7,106,112,0.346756854227611,20.707380022321427,29.96331787109375
1210,7,426,436,0.3008073057447161,93.89435686383929,84.3839111328125
310,6,157,162,0.43864840269088745,24.850565592447918,54.745320638020836
1360,6,473,482,0.36987266937891644,41.86907958984375,54.63835652669271
1550,6,531,538,0.29379932085673016,59.42449951171875,35.81604512532552
577,5,243,248,0.4164902091026306,23.02598876953125,49.77928466796875
1526,5,525,529,0.3567346751689911,44.309375,36.535247802734375
738,5,291,302,0.33237088918685914,31.2734619140625,97.3058349609375
11,5,0,67,0.3266933739185333,381.88873291015625,465.278466796875
343,5,168,185,0.3038943350315094,58.80830078125,33.562841796875
1496,4,518,530,0.6405436098575592,155.14474487304688,70.89909362792969
1557,4,534,537,0.462965227663517,80.1776123046875,455.65599060058594
754,4,296,299,0.4442719891667366,49.093292236328125,61.14271545410156
788,4,304,307,0.44334444403648376,34.712615966796875,47.58033752441406
641,4,264,268,0.37046533823013306,81.70220947265625,159.74832153320312
369,4,177,181,0.3612366020679474,66.3626480102539,49.53764343261719
1480,4,513,525,0.3604886382818222,116.3533935546875,110.56182861328125
1358,4,471,474,0.34168171882629395,45.79510498046875,46.311920166015625
664,4,272,305,0.32844774425029755,143.33953094482422,89.04161071777344
1204,4,425,429,0.32047155499458313,50.49238586425781,32.82054138183594
1137,4,403,406,0.31534331291913986,61.207672119140625,57.6219482421875
1189,3,419,428,0.40848557154337567,86.74491373697917,64.93536376953125
742,3,292,294,0.3831971784432729,75.04081217447917,38.988382975260414
1175,3,416,420,0.37066738804181415,29.4161376953125,43.095458984375
1411,3,493,495,0.36830758055051166,38.261027018229164,32.10009765625
1122,3,399,401,0.36079903443654376,51.977783203125,36.861836751302086
110,3,82,84,0.3344310224056244,41.887532552083336,30.81683349609375
387,3,186,188,0.32488738497098285,55.793701171875,75.94443766276042
13,3,4,12,0.31526416540145874,55.464436848958336,44.460795084635414
662,3,271,274,0.312969168027242,86.18267822265625,67.63827514648438
1039,3,374,377,0.29964081446329754,34.164042154947914,32.083292643229164
1068,2,387,388,0.4653967171907425,19.37298583984375,34.20233154296875
1449,2,503,504,0.4561557173728943,138.45355224609375,81.34341430664062
60,2,58,59,0.3979746103286743,84.10928344726562,75.35736083984375
77,2,70,71,0.37947435677051544,53.22113037109375,28.10601806640625
1537,2,528,529,0.36972033977508545,22.516021728515625,53.8125
1363,2,474,476,0.3621044158935547,58.11149978637695,34.077667236328125
160,2,111,113,0.3581704795360565,58.720458984375,50.699676513671875
721,2,284,285,0.3572603017091751,83.5567626953125,55.686065673828125
1342,2,466,467,0.35341794788837433,41.1358642578125,40.96302795410156
365,2,176,177,0.34115445613861084,47.001739501953125,34.557891845703125
407,2,192,193,0.33983199298381805,38.036834716796875,28.14202880859375
1279,2,448,449,0.3358929008245468,44.34112548828125,48.473236083984375
417,2,197,198,0.32450105249881744,68.640869140625,95.12945556640625
998,2,358,359,0.3184180110692978,61.1802978515625,36.599365234375
1497,1,518,518,0.5905318856239319,30.5858154296875,77.446044921875
1306,1,457,457,0.4749724566936493,32.00999450683594,46.15667724609375
163,1,113,113,0.4736555218696594,37.4853515625,49.40301513671875
318,1,159,159,0.4437534213066101,43.17913818359375,35.84857177734375
994,1,357,357,0.44013506174087524,71.9798583984375,58.3720703125
899,1,332,332,0.42981216311454773,83.01329040527344,70.8822021484375
1165,1,414,414,0.4262126684188843,58.78564453125,36.61761474609375
1494,1,517,517,0.4218384623527527,23.628662109375,36.98846435546875
285,1,152,152,0.41252943873405457,86.36548614501953,69.63970947265625
948,1,341,341,0.3559077978134155,40.3590087890625,79.11740112304688
414,1,195,195,0.34759634733200073,92.84658813476562,192.3453369140625
249,1,145,145,0.3409954905509949,38.2962646484375,60.77667236328125
1448,1,503,503,0.34096911549568176,130.6002197265625,116.71273803710938
863,1,326,326,0.33321288228034973,146.02828979492188,75.63235473632812
